{"cameraMode":{"drawMode":0,"name":"Shaded","section":"Shading Mode"},"sceneLighting":true,"audioPlay":false,"sceneViewState":{"m_AlwaysRefresh":false,"showFog":true,"showSkybox":true,"showFlares":true,"showImageEffects":true,"showParticleSystems":true,"showVisualEffectGraphs":true,"m_FxEnabled":true},"in2DMode":false,"pivot":{"x":-8.093045234680176,"y":3.452660083770752,"z":-2.041468381881714},"rotation":{"x":0.08376871049404144,"y":-0.029596684500575067,"z":0.0024600608740001919,"w":0.9960907697677612},"size":3.3546946048736574,"orthographic":false}