{"cameraMode":{"drawMode":0,"name":"Shaded","section":"Shading Mode"},"sceneLighting":false,"audioPlay":false,"sceneViewState":{"m_AlwaysRefresh":false,"showFog":true,"showSkybox":false,"showFlares":true,"showImageEffects":true,"showParticleSystems":true,"showVisualEffectGraphs":true,"m_FxEnabled":true},"in2DMode":false,"pivot":{"x":0.008757203817367554,"y":0.21286657452583314,"z":-0.017920002341270448},"rotation":{"x":-0.24775683879852296,"y":-0.03166865557432175,"z":0.008103863336145878,"w":-0.9682747721672058},"size":0.30648744106292727,"orthographic":false}